course,year,semester,code,name
BAEM,1,1,BAEM 1146,PRINCIPLES OF AGRICULTURAL ECONOMICS
BAEM,1,1,BMAT 1101,BASIC MATHEMATICS
BAEM,1,1,BMKT 1202,PRINCIPLES OF MARKETING
BAEM,1,1,BUCU 1101,COMMUNICATION SKILLS
BAEM,1,1,BUCU 1102,LIFE SKILLS
BAEM,1,1,BUCU 1104,COMPUTER APPLICATIONS
BAEM,1,1,BUCU 1105,COOPERATIVE PHILOSOPHY
BASD,1,1,BCSC 1102,INTRODUCTION TO PROGRAMMING
BASD,1,1,BDSC 1101,OPEN SOURCE TOOLS FOR DATA SCIENCE
BASD,1,1,BMAT 1101,BASIC MATHEMATICS
BASD,1,1,BUCU 1101,COMMUNICATION SKILLS
BASD,1,1,BUCU 1102,LIFE SKILLS
BASD,1,1,BUCU 1104,COMPUTER APPLICATIONS
BASD,1,1,BUCU 1105,COOPERATIVE PHILOSOPHY
BASD,2,1,BCIT 2115,PYTHON PROGRAMMING
BASD,2,1,BDSC 2102,NOSQL DATABASE SYSTEMS
BASD,2,1,BMAT 2109,LINEAR ALGEBRA
BASD,2,1,BMAT 2111,CALCULUS II
BASD,2,1,BSTA 2104,PROBABILITY AND STATISTICS II
BASD,2,1,BSTA 2132,INTRODUCTION TO STATISTICAL COMPUTING
BASD,2,1,BSTA 2134,LINEAR MODELS I
BASD,3,1,BDSC 3105,DATA SCIENCE METHODOLOGY
BASD,3,1,BDSC 3106,DATA SCIENCE IN THE SOCIETY
BASD,3,1,BDSC 3107,DATA WAREHOUSING
BASD,3,1,BDSC 3109,BUSINESS INTELLIGENCE AND BIG DATA ANALYTICS
BASD,3,1,BSTA 3109,OPERATIONS RESEARCH II
BASD,3,1,BSTA 3111,PROBABILITY AND STATISTICS IV
BASD,3,1,BSTA 3152,STATISTICAL PROGRAMMING
BASD,4,1,BCSC 4147,MACHINE LEARNING
BASD,4,1,BDSC 4113,DIGITAL TRANSFORMATION
BASD,4,1,BDSC 4114,CREATIVE THINKING
BASD,4,1,BSTA 3247,HYPOTHESIS TESTING
BASD,4,1,BSTA 4116,TIMES SERIES ANALYSIS
BASD,4,1,BSTA 4150,PROJECT 1
BASE,1,1,BACC 1131,PRINCIPLES OF ACCOUNTING
BASE,1,1,BECO 1101,PRINCIPLES OF MICROECONOMICS
BASE,1,1,BMAT 1101,BASIC MATHEMATICS
BASE,1,1,BSTA 2132,INTRODUCTION TO STATISTICAL COMPUTING
BASE,1,1,BUCU 1101,COMMUNICATION SKILLS
BASE,1,1,BUCU 1102,LIFE SKILLS
BASE,1,1,BUCU 1103,COMPUTER APPLICATIONS
BASE,1,1,BUCU 1105,COOPERATIVE PHILOSOPHY
BASE,2,1,BACC 2105,COST ACCOUNTING
BASE,2,1,BAFS 2112,AGRICULTURAL ECONOMICS
BASE,2,1,BCIT 2115,PYTHON PROGRAMMING
BASE,2,1,BECO 2103,INTERMEDIATE MICROECONOMICS
BASE,2,1,BMAT 2109,LINEAR ALGEBRA
BASE,2,1,BMAT 2111,CALCULUS II
BASE,2,1,BSTA 2104,PROBABILITY AND STATISTICS II
BASE,2,1,BSTA 2134,LINEAR MODELS I
BASE,3,1,BECO 3110,INTERNATIONAL ECONOMICS
BASE,3,1,BECO 3119,ADVANCED MICROECONOMIC THEORY
BASE,3,1,BECO 3120,FINANCIAL ECONOMICS
BASE,3,1,BSTA 3109,OPERATIONS RESEARCH II
BASE,3,1,BSTA 3111,PROBABILITY AND STATISTICS IV
BASE,3,1,BSTA 3138,ECONOMETRICS II
BASE,4,1,BECO 4114,HEALTH ECONOMICS
BASE,4,1,BHRM 3114,LABOUR ECONOMICS
BASE,4,1,BSTA 3110,STATISTICAL DATA ANALYSIS
BASE,4,1,BSTA 4105,DESIGN AND ANALYSIS OF SAMPLE SURVEY
BASE,4,1,BSTA 4116,TIME SERIES ANALYSIS
BASE,4,1,BSTA 4130,DECISION THEORY
BASE,4,1,BSTA 4150,PROJECT 1
BBF,1,1,BACC 1132,PRINCIPLES OF ACCOUNTING
BBF,1,1,BBAN 1101,PRINCIPLES OF BANKING
BBF,1,1,BECO 1101,PRINCIPLES OF MICROECONOMICS
BBF,1,1,BUCU 1101,COMMUNICATION SKILLS
BBF,1,1,BUCU 1102,LIFE SKILLS
BBF,1,1,BUCU 1104,COMPUTER APPLICATIONS
BBF,1,1,BUCU 1105,COOPERATIVE PHILOSOPHY
BBF,2,1,BACC 2105,COST ACCOUNTING
BBF,2,1,BBAN 2102,BANKING REGULATION LAW AND PRACTICE
BBF,2,1,BFIN 2101,FINANCIAL MANAGEMENT
BBF,2,1,BFIN 2120,FINANCIAL ECONOMETRICS I
BBF,2,1,BSTA 2101,STATISTICS
BBF,3,1,BBAN 3113,ISLAMIC BANKING AND FINANCE
BBF,3,1,BBAN 3120,COMMERCIAL BANK STRATEGY
BBF,3,1,BBAN 4102,INTERNATIONAL BANKING
BBF,3,1,BFIN 3104,FINANCIAL INSTITUTIONS AND MARKETS
BBF,3,1,BFIN 3210,INVESTMENT ANALYSIS AND PORTFOLIO MANAGEMENT
BBF,4,1,BBAN 4101,PRODUCT DEVELOPMENT FOR BANKING INSTITUTIONS
BBF,4,1,BBAN 4107,CENTRAL BANKING & MONETARY MANAGEMENT
BBF,4,1,BBCU 4101,RESEARCH PROJECT I
BBF,4,1,BFIN 4108,INTERNATIONAL TRADE FINANCE
BBF,4,1,BFIN 4109,FOREIGN EXCHANGE BUSINESS
BBIO,1,1,BCSC 1102,INTRODUCTION TO PROGRAMMING
BBIO,1,1,BMAT 1101,BASIC MATHEMATICS
BBIO,1,1,BSTA 1133,PRINCIPLES OF SAMPLE SURVEYS
BBIO,1,1,BUCU 1101,COMMUNICATION SKILLS
BBIO,1,1,BUCU 1102,LIFE SKILLS
BBIO,1,1,BUCU 1104,COMPUTER APPLICATIONS
BBIO,1,1,BUCU 1105,COOPERATIVE PHILOSOPHY
BBIT,1,1,BACC 1132,PRINCIPLES OF ACCOUNTING
BBIT,1,1,BMAT 1102,MATHEMATICS I
BBIT,1,1,BUCU 1101,COMMUNICATION SKILLS
BBIT,1,1,BUCU 1102,LIFE SKILLS
BBIT,1,1,BUCU 1104,COMPUTER APPLICATIONS
BBIT,1,1,BUCU 1105,COOPERATIVE PHILOSOPHY
BBIT,1,2,BCIT 1207,INTRODUCTION TO INFORMATION SYSTEMS
BBIT,1,2,BENT 1207,ENTREPRENEURSHIP SKILLS
BBIT,1,2,BLAW 1201,BUSINESS LAW
BBIT,1,2,BMGT 1201,PRINCIPLES AND PRACTICE OF MANAGEMENT
BBIT,1,2,BMKT 1202,PRINCIPLES OF MARKETING
BBIT,2,1,BCIT 2112,SYSTEM ANALYSIS AND DESIGN
BBIT,2,1,BCIT 2122,OBJECT ORIENTED PROGRAMMING
BBIT,2,1,BCIT 2132,WEB DEVELOPMENT
BBIT,2,1,BCSC 1102,INTRODUCTION TO PROGRAMMING
BBIT,2,1,BECO 1101,PRINCIPLES OF MICROECONOMICS
BBIT,2,1,BSTA 2101,STATISTICS
BBIT,3,1,BCIT 3126,HUMAN COMPUTER INTERACTION
BBIT,3,1,BCIT 3131,ICT PROJECT MANAGEMENT
BBIT,3,1,BCIT 3163,BUSINESS SYSTEM MODELLING
BBIT,3,1,BCSC 3113,CLOUD SERVICES & ANALYTICS
BBIT,3,1,BFIN 2101,FINANCIAL MANAGEMENT
BBIT,3,1,BSTA 3108,OPERATIONS RESEARCH
BBIT,4,1,BCIT 4148,INFORMATION ASSURANCE AND SECURITY
BBIT,4,1,BCIT 4149,PROJECT I (SYSTEM DEVELOPMENT PROPOSAL)
BBIT,4,1,BCIT 4159,INTELLECTUAL PROPERTY MANAGEMENT
BBIT,4,1,BCSC 3117,THE INTERNET OF THINGS
BBIT,4,1,BENT 3205,BUSINESS PLANNING
BBIT,4,1,BMKT 3223,MARKETING MANAGEMENT
BBM,1,1,BECO 1101,PRINCIPLES OF MICROECONOMICS
BBM,1,1,BHRM 1101,PRINCIPLES OF HUMAN RESOURCE MANAGEMENT
BBM,1,1,BUCU 1101,COMMUNICATION SKILLS
BBM,1,1,BUCU 1102,LIFE SKILLS
BBM,1,1,BUCU 1104,COMPUTER APPLICATIONS
BBM,1,1,BUCU 1105,CO-OPERATIVE PHILOSOPHY
BBM,2,1,BACC 1132,PRINCIPLES OF ACCOUNTING
BBM,2,1,BACC 2105,COST ACCOUNTING
BBM,2,1,BBAN 1101,PRINCIPLES OF BANKING
BBM,2,1,BFIN 2101,FINANCIAL MANAGEMENT
BBM,2,1,BSTA 2101,STATISTICS
BBM,3,1,BACC 4116,FINANCIAL STATEMENT ANALYSIS
BBM,3,1,BBMM 3103,RISK MANAGEMENT
BBM,3,1,BECO 3107,INTERNATIONAL ECONOMICS
BBM,3,1,BMGT 1213,STRATEGIC MANAGEMENT
BBM,3,1,BPSY 2209,ORGANIZATIONAL BEHAVIOUR
BBM,4,1,BBCU 4101,RESEARCH PROJECT I
BBM,4,1,BBMM 4107,INTERNATIONAL BUSINESS MANAGEMENT
BBM,4,1,BBMM 4108,CONFLICT MANAGEMENT
BBM,4,1,BENT 3205,BUSINESS PLANNING
BBM,4,1,BENT 4202,TECHNOLOGY AND INNOVATION
BBM,4,1,BGEN 4216,GENDER AND DEVELOPMENT
BCCD,1,1,BCIT 1103,COMPUTER APPLICATIONS
BCCD,1,1,BOCD 1101,INTRODUCTION TO COMMUNITY DEVELOPMENT
BCCD,1,1,BUCU 1101,COMMUNICATION SKILLS
BCCD,1,1,BUCU 1103,LIFE SKILLS
BCCD,1,1,BUCU 1105,COOPERATIVE PHILOSOPHY
BCCD,2,1,BCOB 2108,YOUTH LEADERSHIP IN COOPERATIVE DEVELOPMENT
BCCD,2,1,BCOB 2112,MANAGEMENT OF SACCOS
BCCD,2,1,BFIN 2101,FINANCIAL MANAGEMENT
BCCD,2,1,BSOC 2103,RURAL SOCIOLOGY
BCCD,2,1,BSTA 2101,BUSINESS STATISTICS
BCCD,3,1,BCOB 3106,CO-OPERATIVE EDUCATION AND TRAINING
BCCD,3,1,BOCD 3108,PARTICIPATORY DEVELOPMENT APPROACHES
BCCD,3,1,BPSY 3117,SOCIAL PSYCHOLOGY
BCCD,3,1,BSOC 3105,DEVELOPMENT ANTHROPOLOGY
BCCD,3,1,BSWK 3105,SOCIAL POLICY & ADMINISTRATION
BCCD,3,1,BUCU 3101,RESEARCH METHODS
BCCD,4,1,BCCU 4101,RESEARCH PROJECT I
BCCD,4,1,BCOB 4110,COOPERATIVES DEVELOPMENT POLICIES AND ANALYSIS
BCCD,4,1,BCOB 4118,CO-OPERATIVE BANKING
BCCD,4,1,BMFI 4105,RISK MANAGEMENT IN MICROFINANCE
BCCD,4,1,BOCD 4113,PARTICIPATORY TRAINING FOR COMMUNITY LIVELIHOODS
BCCD,4,1,BOCD 4114,FUNDRAISING FOR COMMUNITY PROJECTS
BCCD,4,1,BOCD 4116,COMMUNITY ASSETS AND SERVICES
BCD,1,1,BCIT 1103,COMPUTER APPLICATIONS
BCD,1,1,BOCD 1101,INTRODUCTION TO COMMUNITY DEVELOPMENT
BCD,1,1,BSWK 1101,INTRODUCTION TO SOCIAL WORK
BCD,1,1,BUCU 1101,COMMUNICATION SKILLS
BCD,1,1,BUCU 1103,LIFE SKILLS
BCD,1,1,BUCU 1105,COOPERATIVE PHILOSOPHY
BCD,2,1,BCOB 2108,YOUTH LEADERSHIP IN COOPERATIVE DEVELOPMENT
BCD,2,1,BCOB 2112,MANAGEMENT OF SACCOS
BCD,2,1,BETH 2102,LEADERSHIP AND ETHICS
BCD,2,1,BSOC 2103,RURAL SOCIOLOGY
BCD,2,1,BSTA 2101,BUSINESS STATISTICS
BCD,3,1,BOCD 3108,PARTICIPATORY DEVELOPMENT APPROACHES
BCD,3,1,BPSY 3117,SOCIAL PSYCHOLOGY
BCD,3,1,BSOC 3105,DEVELOPMENT ANTHROPOLOGY
BCD,3,1,BSWK 3105,SOCIAL POLICY &ADMINISTRATION
BCD,3,1,BSWK 3106,DYNAMICS OF GROUP DEVELOPMENT
BCD,3,1,BUCU 3101,RESEARCH METHODS
BCD,4,1,BCCU 4101,RESEARCH PROJECT I
BCD,4,1,BCOD 4115,COMMUNITY LEADERSHIP AND PHILANTHROPHY
BCD,4,1,BCOD 4116,RESOURCE MOBILIZATION FOR COMMUNITY PROJECTS
BCD,4,1,BCOD 4117,ASSETS AND RESOURCES FOR DEVELOPMENT
BCD,4,1,BDRM 3208,COMMUNITY BASED DISASTER RISK REDUCTION
BCD,4,1,BENT 2406,PROJECT MONITORING AND EVALUATION
BCD,4,1,BPSY 4117,ATTITUDES AND BEHAVIOUR CHANGE
BCHM,1,1,BCHM 1101,INTRODUCTION TO HOSPITALITY AND TOURISM INDUSTRY
BCHM,1,1,BCHM 1111,FOOD AND MENU KNOWLEDGE
BCHM,1,1,BCHM 1121,FOOD AND BEVERAGE SERVICE THEORY
BCHM,1,1,BLAN 1101,FRENCH 1 A
BCHM,1,1,BUCU 1101,COMMUNICATION SKILLS
BCHM,1,1,BUCU 1102,LIFE SKILLS
BCHM,1,1,BUCU 1105,CO-OPERATIVE PHILOSOPHY
BCHM,2,1,BCHM 2107,BEVERAGE KNOWLEDGE THEORY & PRACTICAL
BCHM,2,1,BCHM 2109,FOOD AND BEVERAGE COSTING & CONTROL
BCHM,2,1,BCHM 2110,FOOD NUTRITION
BCHM,2,1,BCHM 2111,SAFETY & FIRST AID
BCHM,2,1,BCHM 2112,FACILITY MANAGEMENT
BCHM,2,1,BLAN 2105,FRENCH 2
BCHM,2,1,BSTA 2101,STATISTICS
BCHM,3,1,BACC 3102,HOSPITALITY ACCOUNTING
BCHM,3,1,BCHM 3137,FOOD & BEVERAGE MANAGEMENT II
BCHM,3,1,BCHM 3143,LAUNDRY OPERATIONS THEORY & PRACTICAL
BCHM,3,1,BCIT 3166,HOSPITALITY AND TOURISM INFORMATION SYSTEMS
BCHM,3,1,BLAW 3144,HOSPITALITY LAW & LEGAL SYSTEMS
BCHM,3,1,BMKT 3143,HOSPITALITY MARKETING
BCHM,3,1,BSTA 1222,BUSINESS STATISTICS
BCHM,4,1,BBCU 3201,RESEARCH METHODS
BCHM,4,1,BCHM 4128,FOOD & BEVERAGE MANAGEMENT IV
BCHM,4,1,BCHM 4129,HOSPITALITY OPERATIONS MANAGEMENT
BCHM,4,1,BCHM 4130,SERVICE QUALITY MANAGEMENT
BCHM,4,1,BENT 4101,TRAINING IN ENTERPRISE DEVELOPMENT
BCHM,4,1,BFIN 4105,FINANCIAL MANAGEMENT
BCHM,4,1,BMGT 1213,STRATEGIC MANAGEMENT
BCOB,1,1,BACC 1132,PRINCIPLES OF ACCOUNTING
BCOB,1,1,BCOB 1101,PRINCIPLES OF CO-OPERATIVE ACCOUNTING
BCOB,1,1,BSOC 1102,INTRODUCTION TO SOCIOLOGY
BCOB,1,1,BUCU 1102,LIFE SKILLS
BCOB,1,1,BUCU 1104,COMPUTER APPLICATIONS
BCOB,1,1,BUCU 1105,COOPERATIVE PHILOSOPHY
BCOB,2,1,BACC 2105,COST ACCOUNTING
BCOB,2,1,BACC 2106,ACCOUNTING FOR ASSETS
BCOB,2,1,BBAN 1101,PRINCIPLES OF BANKING
BCOB,2,1,BCOB 2102,CO-OPERATIVE MANAGEMENT
BCOB,2,1,BFIN 2101,FINANCIAL MANAGEMENT
BCOB,2,1,BSTA 2101,STATISTICS
BCOB,3,1,BACC 2206,PRINCIPLES OF TAXATION
BCOB,3,1,BCOB 3106,CO-OPERATIVE EDUCATION AND TRAINING
BCOB,3,1,BCOB 3206,CO-OPERATIVE AUDITING
BCOB,3,1,BCOB 4109,CO-OPERATIVE LEADERSHIP AND CHANGE MANAGEMENT
BCOB,3,1,BFIN 3104,FINANCIAL INSTITUTIONS AND MARKETS
BCOB,3,1,BFIN 3108,FINANCIAL MANAGEMENT II
BCOB,3,1,BMGT 3105,CORPORATE GOVERNANCE AND ETHICS
BCOB,4,1,BCCU 4101,RESEARCH PROJECT I
BCOB,4,1,BCHH 2302,HUMAN RESOURCE DEVELOPMENT
BCOB,4,1,BCOB 4110,CO-OPERATIVE DEVELOPMENT POLICIES AND ANALYSIS
BCOB,4,1,BCOB 4118,CO-OPERATIVE BANKING
BCOB,4,1,BFIN 4205,MICROFINANCE
BCOB,4,1,BFIN 4214,FINANCIAL MODELLING AND FORECASTING
BCOB,4,1,BMGT 4106,CONSTITUTION AND GOVERNANCE
BCOM,1,1,BUCU 1102,LIFE SKILLS
BCOM,1,1,BUCU 1104,COMPUTER APPLICATIONS
BCOM,1,1,BUCU 1105,COOPERATIVE PHILOSOPHY
BCOM,2,1,BACC 1132,PRINCIPLES OF ACCOUNTING
BCOM,2,1,BACC 2105,COST ACCOUNTING
BCOM,2,1,BACC 2106,ACCOUNTING FOR ASSETS
BCOM,2,1,BACC 3128,ADVANCED FINANCIAL MANAGEMENT
BCOM,2,1,BECO 1101,PRINCIPLES OF MICROECONOMICS
BCOM,2,1,BECO 2103,INTERMEDIATE MICROECONOMICS
BCOM,2,1,BHRM 1101,PRINCIPLES OF HUMAN RESOURCE MANAGEMENT
BCOM,2,1,BSTA 1222,BUSINESS STATISTICS
BCOM,2,1,BSTA 2101,STATISTICS
BCOM,2,1,BUCU 1101,COMMUNICATION SKILLS
BCOM,3,1,BACC 3109,ADVANCED TAXATION
BCOM,3,1,BACC 3201,AUDITING AND ASSURANCE
BCOM,3,1,BACC 3202,FINANCIAL REPORTING AND ANALYSIS
BCOM,3,1,BBAN 3103,PRINCIPLES OF BANKING
BCOM,3,1,BFIN 3104,FINANCIAL INSTITUTIONS AND MARKETS
BCOM,3,1,BFIN 3132,ADVANCED FINANCIAL MANAGEMENT
BCOM,3,1,BFIN 3133,ADVANCED PUBLIC FINANCE
BCOM,3,1,BHRM 3101,PROCUREMENT OF HUMAN RESOURCES
BCOM,3,1,BHRM 3102,HUMAN RESOURCE DEVELOPMENT
BCOM,3,1,BHRM 3103,EMPLOYEE RELATIONS
BCOM,3,1,BLAW 3130,BANKING LAW AND PRACTICE
BCOM,3,1,BMGT 1213,STRATEGIC MARKETING MANAGEMENT
BCOM,3,1,BMKT 3120,CONSUMER BEHAVIOUR
BCOM,3,1,BMKT 3223,MARKETING MANAGEMENT
BCOM,3,1,BPSM 3103,SUPPLIES AND MATERIALS MANAGEMENT I
BCOM,3,1,BPSM 3125,STORES MANAGEMENT AND STOCK CONTROL
BCOM,3,1,BPSM 3127,RETAIL AND MERCHADISE MANAGEMENT
BCOM,3,1,BSTA 3108,OPERATIONS RESEARCH
BCOM,4,1,BACC 4115,ADVANCED MANAGEMENT ACCOUNTING
BCOM,4,1,BACC 4201,ADVANCED FINANCIAL REPORTING
BCOM,4,1,BBCU 4101,RESEARCH PROJECT I
BCOM,4,1,BFIN 3201,FINANCIAL STATEMENT ANALYSIS
BCOM,4,1,BFIN 4101,INTERNATIONAL FINANCE
BCOM,4,1,BFIN 4102,PENSION FINANCE
BCOM,4,1,BFIN 4103,FINANCIAL RISK MANAGEMENT
BCOM,4,1,BMKT 3111,MARKETING LOGISTICS
BCOM,4,1,BMKT 3226,MARKETING RESEARCH
BCOM,4,1,BMKT 4128,MARKETING COMMUNICATION STRATEGY
BCS,1,2,BCIT 2112,SYSTEM ANALYSIS AND DESIGN
BCS,1,2,BCSC 1102,INTRODUCTION TO PROGRAMMING
BCS,1,2,BCSC 1204,DATA STRUCTURES AND ALGORITHMS
BCS,1,2,BCSC 2103,COMPUTER DESIGN AND ORGANIZATION
BCS,1,2,BCSE 1203,STRUCTURED PROGRAMMING LAB
BCS,1,2,BMAT 1101,BASIC MATHEMATICS
BCS,1,2,BMAT 1204,DISCRETE MATHEMATICS
BCS,1,2,BMAT 1205,CALCULUS I
BCS,1,2,BMAT 2109,LINEAR ALGEBRA
BCS,1,2,BPHY 1204,DIGITAL LOGIC AND ELECTRONICS
BCS,1,2,BPHY 1205,ELECTRONICS I
BCS,1,2,BSTA 1203,PROBABILITY AND STATISTICS I
BCS,1,2,BUCI 1101,COMMUNICATION SKILLS
BCS,1,2,BUCI 1102,LIFE SKILLS
BCS,1,2,BUCI 1104,COMPUTER APPLICATIONS
BCS,2,2,BCIT 1208,COMPUTER NETWORKS
BCS,2,2,BCIT 1210,DATABASE MANAGEMENT SYSTEMS
BCS,2,2,BCIT 2214,SOFTWARE ENGINEERING
BCS,2,2,BCIT 2217,OBJECT ORIENTED PROGRAMMING II
BCS,2,2,BCIT 2218,INTERNET APPLICATION PROGRAMMING
BCS,2,2,BCSC 2207,SCIENTIFIC COMPUTING
BCS,2,2,BENT 1207,ENTREPRENEURSHIP SKILLS
BCS,3,2,BCIT 3238,MOBILE APPLICATION DEVELOPMENT
BCS,3,2,BCIT 3260,RESEARCH METHODS FOR IT
BCS,3,2,BCIT 3262,DATABASE PROGRAMMING
BCS,3,2,BCIT 4261,SYSTEM SECURITY AND AUDIT
BCS,3,2,BCSC 3212,QUANTUM COMPUTER SCIENCE
BCS,3,2,BCSC 3220,COMPILER CONSTRUCTION AND DESIGN
BCS,3,2,BCSC 3225,ARTIFICIAL INTELLIGENCE
BCS,4,2,BCIT 4264,PROJECT II
BCS,4,2,BCIT 4266,COMPUTING LAW AND ETHICS
BCS,4,2,BCSC 4232,EXPERT SYSTEMS
BCS,4,2,BCSC 4234,COMPUTER GRAPHICS
BCS,4,2,BCSC 4248,PATTERN RECOGNITION
BCS,4,2,BCSC 4250,NETWORK PROGRAMMING
BCS,4,2,BSCS 4227,DATA SCIENCE
BCTT,2,2,BCTT 2218,Internet Application Programming
BDAT,1,1,BCSC 1102,INTRODUCTION TO PROGRAMMING
BDAT,1,1,BDSC 1101,OPEN SOURCE TOOLS FOR DATA SCIENCE
BDAT,1,1,BMAT 1101,BASIC MATHEMATICS
BDAT,1,1,BUCU 1101,COMMUNICATION SKILLS
BDAT,1,1,BUCU 1102,LIFE SKILLS
BDAT,1,1,BUCU 1104,COMPUTER APPLICATIONS
BDAT,1,1,BUCU 1105,COOPERATIVE PHILOSOPHY
BDAT,2,1,BCIT 2122,OBJECT ORIENTED PROGRAMMING
BDAT,2,1,BDSC 2102,NOSQL DATABASE SYSTEMS
BDAT,2,1,BMAT 2109,LINEAR ALGEBRA
BDAT,2,1,BMAT 2111,CALCULUS II
BDAT,2,1,BSTA 2104,PROBABILITY AND STATISTICS II
BDAT,2,1,BSTA 2132,INTRODUCTION TO STATISTICAL COMPUTING
BDAT,2,1,BSTA 2134,LINEAR MODELS I
BDAT,2,2,BCIT 2214,Software Engineering
BDAT,2,2,BCSC 2207,Scientific Computing
BDAT,2,2,BCTT 2218,Internet Application Programming
BDAT,2,2,BDSC 2203,Data Communication
BDAT,2,2,BDSC 2203A,Data Preparation
BDAT,2,2,BSTA 2134,Linear Models II
BDAT,2,2,BSTA 2206,Probability and Statistics III
BDAT,3,1,BCIT 2115,PYTHON PROGRAMMING
BDAT,3,1,BDSC 3105,DATA SCIENCE METHODOLOGY
BDAT,3,1,BDSC 3106,DATA SCIENCE IN THE SOCIETY
BDAT,3,1,BDSC 3107,DATA WAREHOUSING
BDAT,3,1,BDSC 3109,BUSINESS INTELLIGENCE AND BIG DATA ANALYTICS
BDAT,3,1,BSTA 3111,PROBABILITY AND STATISTICS IV
BDAT,3,1,BSTA 3152,STATISTICAL PROGRAMMING
BDAT,4,1,BCIT 4139,COMPUTER SYSTEMS SECURITY
BDAT,4,1,BCIT 4141,CLOUD COMPUTING
BDAT,4,1,BCSC 4178,DEEP LEARNING
BDAT,4,1,BDSC 4113,DIGITAL TRANSFORMATION
BDAT,4,1,BDSC 4114,CREATIVE THINKING
BDAT,4,1,BSTA 4150,PROJECT I (RESEARCH PROJECT PROPOSAL)
BDRM,1,1,BCIT 1103,COMPUTER APPLICATIONS
BDRM,1,1,BDRM 1101,INTRODUCTION TO DISASTER MANAGEMENT
BDRM,1,1,BSOC 1206,FUNDAMENTALS OF SOCIOLOGY
BDRM,1,1,BUCU 1101,COMMUNICATION SKILLS
BDRM,1,1,BUCU 1102,COOPERATIVE PHILOSOPHY
BDRM,1,1,BUCU 1103,LIFE SKILLS
BDRM,2,1,BAFS 2206,"AGRICULTURE, FOOD SECURITY AND ENVIRONMENT"
BDRM,2,1,BDEV 2108,SUSTAINABLE DEVELOPMENT THEORY AND PRACTICE
BDRM,2,1,BDMR 2206,DISASTERS AND SOCIETY
BDRM,2,1,BDRM 2207,GENDER ISSUES IN DISASTER RISK MANAGEMENT
BDRM,2,1,BDRM 2208,DISASTER PREPAREDNESS AND PLANNING
BDRM,3,1,BDRM 3109,DISASTER RISK AND VULNERABILITY ASSESSMENT
BDRM,3,1,BDRM 3110,"DISASTERS, ENVIRONMENT & SUSTAINABLE DEVELOPMENT"
BDRM,3,1,BDRM 3111,RURAL & URBAN DEVELOPMENT PLANNING
BDRM,3,1,BEMM 2208,EMERGENCE RESPONSE & INCIDENT MANAGEMENT
BDRM,3,1,BETE 3102,GIS & REMOTE SENSING I
BDRM,3,1,BSOC 3107,COMMUNITY MOBILIZING & SOCIAL ACTION
BDRM,4,1,BCCU 4101,RESEARCH PROJECT I (57)
BDRM,4,1,BDRM 4110,POST DISASTER REHABILITATION & RECOVERY
BDRM,4,1,BDRM 4112,URBAN DISASTER PLANNING
BDRM,4,1,BENV 4114,ENVIRONMENTAL LAW & POLICY
BDRM,4,1,BENV 4115,GLOBALIZATION & SUSTAINABLE DEVELOPMENT
BDRM,4,1,BENV 4116,HARZADOUS MATERIALS AND WASTE MANAGEMENT
BDS,1,1,BCIT 1103,COMPUTER APPLICATIONS
BDS,1,1,BDVS 1101,HISTORY OF DEVELOPMENT THOUGHT
BDS,1,1,BECO 1101,INTRODUCTION TO MICROECONOMICS
BDS,1,1,BUCU 1101,COMMUNICATION SKILLS
BDS,1,1,BUCU 1103,LIFE SKILLS
BDS,1,1,BUCU 1105,COOPERATIVE PHILOSOPHY
BECO,1,1,BACC 1201,PRINCIPLES OF ACCOUNTING
BECO,1,1,BECO 1103,INTRODUCTION TO MICROECONOMICS
BECO,1,1,BMAT 1101,BASIC MATHEMATICS
BECO,1,1,BUCU 1101,COMMUNICATION SKILLS
BECO,1,1,BUCU 1102,LIFE SKILLS
BECO,1,1,BUCU 1104,COMPUTER APPLICATIONS
BECO,1,1,BUCU 1105,CO-OPERATIVE PHILOSOPHY
BECO,2,1,BACC 2105,COST ACCOUNTING
BECO,2,1,BAFS 2112,AGRICULTURAL ECONOMICS
BECO,2,1,BECO 2103,INTERMEDIATE MICROECONOMICS
BECO,2,1,BMAT 2109,LINEAR ALGEBRA
BECO,2,1,BMAT 2111,CALCULUS II
BECO,2,1,BSTA 2104,PROBABILITY AND STATISTICS II
BECO,3,1,BAEM 2129,AGRICULTURAL ECONOMICS
BECO,3,1,BECO 2111,DEVELOPMENT ECONOMICS
BECO,3,1,BECO 3110,INTERNATIONAL ECONOMICS
BECO,3,1,BECO 4107,LABOUR ECONOMICS
BECO,3,1,BMAT 2105,MANAGEMENT MATHEMATICS II
BECO,4,1,BBCU 4101,RESEARCH PROJECT 1
BECO,4,1,BECO 4101,ENVIRONMENTAL ECONOMICS
BECO,4,1,BECO 4102,HEALTH ECONOMICS
BECO,4,1,BECO 4103,MONETARY ECONOMICS
BECO,4,1,BECO 4104,ECONOMETRICS 1
BEEP,1,1,BCIT 1103,COMPUTER APPLICATIONS
BEEP,1,1,BECO 1102,INTRODUCTION TO MICROECONOMICS
BEEP,1,1,BECO 1104,MATHEMATICS FOR ECONOMISTS I
BEEP,1,1,BEEP 1101,INTRODUCTION TO ENVIRONMENTAL SCIENCE
BEEP,1,1,BUCU 1101,COMMUNICATION SKILLS
BEEP,1,1,BUCU 1103,LIFE SKILLS
BEEP,1,1,BUCU 1105,COOPERATIVE PHILOSOPHY
BEEP,3,1,BECO 1201,DEVELOPMENT ECONOMICS
BEEP,3,1,BEEP 3110,BIOTECHNOLOGY AND SUSTAINABILITY SYSTERM
BEEP,3,1,BEEP 3111,ENVIRONMENTAL MODELLING
BEEP,3,1,BEEP 3113,ENVIRONMENTAL PLANNING AND MANAGEMENT
BEEP,3,1,BEEP 3114,ENVIRONMENTAL ANALYTICAL SKILLS
BEEP,3,1,BEEP 3115,LAND ECONOMICS
BEEP,3,1,BEEP 3116,ENVIRONMENTAL ENTREPRENUERSHIP
BEEP,3,1,BETE 3102,GIS AND REMOTE SENSING I
BELSI,1,1,BELI 1101,HISTORY OF LAND IN KENYA
BELSI,1,1,BELI 1102,INTRODUCTION TO LAND RESOURCE MANAGEMENT
BELSI,1,1,BELI 1103,INTRODUCTION TO LAND ECOLOGY
BELSI,1,1,BENV 1123,GEOGRAPHY OF KENYA AND ECOLOGICAL ZONES
BELSI,1,1,BUCU 1101,COMMUNICATION SKILLS
BELSI,1,1,BUCU 1103,LIFE SKILLS
BELSI,1,1,BUCU 1105,COOPERATIVE PHILOSOPHY
BELSI,3,1,BELI 3110,SOIL SURVEY AND CLASSIFICATION/FIELD PRACTICALS
BELSI,3,1,BELI 3111,HUMAN POPULATION AND LAND USE
BELSI,3,1,BELI 3112,PASTORAL LAND MANAGEMENT AND LIVELIHOODS
BELSI,3,1,BELI 3113,LAND MANAGEMENT AND CROSS-CUTTING ISSUES
BELSI,3,1,BENT 3106,LAB ENVIRONMENTAL MONITORING AND ANALYSIS-21 HRS
BELSI,3,1,BENV 3121,CONFLICT MANAGEMENT
BELSI,3,1,BENV 3153,COASTAL ZONE AND LAND MANAGEMENT
BELSI,4,1,BDRM 4122,LAND USE AND CONFLICT MANAGEMENT
BELSI,4,1,BELI 4117,LAND ADMINISTRATION-14 HRS LAB/FIELD WORK
BELSI,4,1,BELI 4118,MARKETING BCOM Y3 LAND VALUATION AND FINANCING-14 HRS LAB/FIELD
BELSI,4,1,BELI 4119,TECHNIQUES MODELLING OF LANDS AND LANDSCAPES-14 HRS
BELSI,4,1,BENV 4162,SUSTAINABLE FOREST MANAGEMENT
BELSI,4,1,BENV 4163,ENVIRONMENTAL IMPACT ASSESSMENT AND AUDIT
BELSI,4,1,BRRP 4104,RESEARCH PROJECT I
BEP,1,1,BACC 1201,PRINCIPLES OF ACCOUNTING
BEP,1,1,BBAN 1101,PRINCIPLES OF BANKING
BEP,1,1,BENT 2104,PHILOSOPHY OF ENTREPRENEURSHIP
BEP,1,1,BUCU 1101,COMMUNICATION SKILLS
BEP,1,1,BUCU 1102,LIFE SKILLS
BEP,1,1,BUCU 1104,COMPUTER APPLICATIONS
BEP,1,1,BUCU 1105,CO-OPERATIVE PHILOSOPHY
BHRM,1,1,BACC 1201,PRINCIPLES OF ACCOUNTING
BHRM,1,1,BHRM 1101,PRINCIPLES OF HUMAN RESOURCE MANAGEMENT
BHRM,1,1,BUCU 1101,COMMUNICATION SKILLS
BHRM,1,1,BUCU 1102,LIFE SKILLS
BHRM,1,1,BUCU 1104,COMPUTER APPLICATIONS
BHRM,1,1,BUCU 1105,CO-OPERATIVE PHILOSOPHY
BHRM,2,1,BHRM 2103,HUMAN RESOURCE ADMINISTRATION
BHRM,2,1,BHRM 2104,MOTIVATION AND STRESS MANAGEMENT
BHRM,2,1,BHRM 2105,HUMAN RESOURCE PLANNING
BHRM,2,1,BHRM 2106,HUMAN RESOURCE INFORMATION SYSTEMS
BHRM,2,1,BPRA 2134,PUBLIC RELATIONS
BHRM,3,1,BECO 4107,LABOUR ECONOMICS
BHRM,3,1,BHRM 3110,EMPLOYEE RESOURCING
BHRM,3,1,BHRM 3112,EMPLOYEES RELATIONS
BHRM,3,1,BHRM 3113,REWARD MANAGEMENT
BHRM,3,1,BLAW 2223,LABOUR LAW
BHRM,3,1,BPSY 4213,INDUSTRIAL PSYCHOLOGY
BHRM,3,2,BHRM 1231,ORGANIZATIONAL BEHAVIOUR
BHRM,3,2,BHRM 3201,HR CONSULTANCY
BHRM,3,2,BHRM 3202,COUNSELING AND COACHING
BHRM,3,2,BHRM 4127,LEADERSHIP AND TEAM BUILDING
BHRM,3,2,BHRM 4212,STRATEGIC HUMAN RESOURCE MANAGEMENT
BHRM,3,2,BMAT 1203,FUNDAMENTALS OF MATHEMATICS
BHRM,3,2,BPSY 2206,INDUSTRIAL PSYCHOLOGY
BHRM,3,2,BUCU 1105,CO-OPERATIVE PHILOSOPHY
BHRM,4,1,BACC 4107,HR ACCOUNTING
BHRM,4,1,BBCU 4101,RESEARCH PROJECT I
BHRM,4,1,BFIN 4114,PENSIONS MANAGEMENT
BHRM,4,1,BHRM 4101,PROJECT MANAGEMENT IN HRM
BHRM,4,1,BHRM 4102,LEARNING AND DEVELOPMENT
BIT,1,1,BCIT 1101,FOUNDATIONS OF INFORMATION TECHNOLOGY
BIT,1,1,BCIT 1105,INTRODUCTION TO OPERATING SYSTEMS
BIT,1,1,BCSC 1102,INTRODUCTION TO PROGRAMMING
BIT,1,1,BMAT 1101,BASIC MATHEMATICS
BIT,1,1,BUCU 1101,COMMUNICATION SKILLS
BIT,1,1,BUCU 1102,LIFE SKILLS
BIT,1,1,BUCU 1104,COMPUTER APPLICATIONS
BIT,1,1,BUCU 1105,COOPERATIVE PHILOSOPHY
BIT,1,2,BCIT 1202,DATA COMMUNICATION AND COMPUTER NETWORKS
BIT,1,2,BCIT 1210,DATABASE MANAGEMENT SYSTEMS
BIT,1,2,BENT 1207,ENTREPRENEURSHIP SKILLS
BIT,1,2,BMAT 1204,DISCRETE MATHEMATICS
BIT,1,2,BMAT 1205,CALCULUS I
BIT,1,2,CSC 1204,DATA STRUCTURES AND ALGORITHMS
BIT,1,2,CSE 1203,STRUCTURED PROGRAMMING LAB
BIT,2,1,BCIT 2111,OBJECT ORIENTED PROGRAMMING I
BIT,2,1,BCIT 2112,SYSTEM ANALYSIS AND DESIGN
BIT,2,1,BCIT 2132,WEB DEVELOPMENT
BIT,2,1,BCIT 2153,NETWORK DESIGN AND MANAGEMENT
BIT,2,1,BCSC 2103,COMPUTER DESIGN AND ORGANIZATION
BIT,2,1,BMAT 2109,LINEAR ALGEBRA
BIT,2,1,BMAT 2111,CALCULUS II
BIT,2,2,BCIT 2213,NETWORKS AND SYSTEMS ADMINISTRATION
BIT,2,2,BCIT 2214,Software Engineering
BIT,2,2,BCIT 2217,OBJECT ORIENTED PROGRAMMING II
BIT,2,2,BCIT 2230,ADVANCED OPERATING SYSTEMS
BIT,2,2,BCSC 2205,COMPUTER AIDED ART AND DESIGN
BIT,2,2,BPHY 1204,DIGITAL LOGIC AND ELECTRONICS
BIT,2,2,BSTA 1203,PROBABILITY AND STATISTICS I
BIT,3,1,BCIT 3126,HUMAN COMPUTER INTERACTION
BIT,3,1,BCIT 3131,ICT PROJECT MANAGEMENT
BIT,3,1,BCIT 3163,BUSINESS SYSTEM MODELLING
BIT,3,1,BCSC 3106,CELLULAR NETWORKS
BIT,3,1,BCSC 3128,DESIGN AND ANALYSIS OF ALGORITHMS
BIT,3,1,BCSC 3154,PC SUPPORT AND MAINTENANCE
BIT,3,1,BSTA 2104,PROBABILITY AND STATISTICS II
BIT,3,2,BCIT 3237,ELECTRONIC COMMERCE
BIT,3,2,BCIT 3238,MOBILE APPLICATION DEVELOPMENT
BIT,3,2,BCIT 3242,ADVANCED DATABASE MANAGEMENT SYSTEMS
BIT,3,2,BCIT 3244,MULTIMEDIA SYSTEMS
BIT,3,2,BCIT 3260,RESEARCH METHODS FOR IT
BIT,3,2,BCIT 3265,DISTRIBUTED SYSTEMS
BIT,3,2,BCSC 3225,ARTIFICIAL INTELLIGENCE
BIT,4,1,BCIT 4139,COMPUTER SYSTEMS SECURITY
BIT,4,1,BCIT 4141,CLOUD COMPUTING
BIT,4,1,BCIT 4149,PROJECT I (SYSTEM DEVELOPMENT PROPOSAL)
BIT,4,1,BCSC 3117,THE INTERNET OF THINGS
BIT,4,1,BCSC 4108,SYSTEMS PROGRAMMING
BIT,4,1,BCSC 4126,SIMULATION AND MODELLING
BIT,4,1,BFIN 2101,FINANCIAL MANAGEMENT
BIT,4,2,BCIT 4255,INFORMATION SYSTEMS AUDIT
BIT,4,2,BCIT 4264,PROJECT II (SYSTEM DEVELOPMENT)
BIT,4,2,BCIT 4266,COMPUTING LAW AND ETHICS
BIT,4,2,BCSC 4227,DATA SCIENCE
BIT,4,2,BCSC 4231,KNOWLEDGE BASED SYSTEMS
BMIT,1,1,BCIT 1101,FOUNDATIONS OF INFORMATION TECHNOLOGY
BMIT,1,1,BMKT 1101,"WORK BCOM Y3 BBIT Y2 INTRODUCTION TO MARKETING , INNOVATION &"
BMIT,1,1,BUCU 1101,COMMUNICATION SKILLS
BMIT,1,1,BUCU 1102,LIFE SKILLS
BMIT,1,1,BUCU 1104,COMPUTER APPLICATIONS
BMIT,1,1,BUCU 1105,COOPERATIVE PHILOSOPHY
BMIT,2,1,BMGT 2102,TECHNOLOGY MANAGEMENT
BMIT,2,1,BMKT 2106,LEGAL ASPECT IN MARKETING
BMIT,2,1,BMKT 2107,EXTREMES BBIT Y2 BBIT Y2 DESIGN THINKING & INNOVATION MANAGEMENT IN
BMIT,2,1,BMKT 2108,SELLING AND SALES MANAGEMENT
BMIT,2,1,BSTA 2101,STATISTICS
BNCS,1,1,BCIT 1104,INTRODUCTION TO INTERNET TECHNOLOGIES
BNCS,1,1,BCIT 1105,INTRODUCTION TO OPERATING SYSTEMS
BNCS,1,1,BCSE 1101,MARKETING INTRODUCTION TO COMPUTERS AND PROGRAMMING
BNCS,1,1,BMAT 1101,BASIC MATHEMATICS
BNCS,1,1,BPHY 1201,PHYSICS
BNCS,1,1,BUCU 1101,COMMUNICATION SKILLS
BNCS,1,1,BUCU 1102,LIFE SKILLS
BNCS,1,1,BUCU 1103,COMPUTER APPLICATIONS
BNCS,1,1,BUCU 1105,COOPERATIVE PHILOSOPHY
BPRA,1,1,BCIT 1103,COMPUTER APPLICATIONS
BPRA,1,1,BLAN 1102,ENGLISH FOR COMMUNICATION
BPRA,1,1,BLAN 1103,KISWAHILI FOR COMMUNICATION
BPRA,1,1,BPRA 1101,INTRODUCTION TO PUBLIC RELATIONS AND ADVERTISING
BPRA,1,1,BUCU 1101,COMMUNICATION SKILLS
BPRA,1,1,BUCU 1102,LIFE SKILLS
BPRA,1,1,BUCU 1105,CO-OPERATIVE PHILOSOPHY
BPRA,2,1,BPRA 2107,THEORIES OF COMMUNICATION
BPRA,2,1,BPRA 2108,DEVELOPMENT COMMUNICATION
BPRA,2,1,BPRA 2109,"NEW MEDIA, WRITING AND CONVERGENCE"
BPRA,2,1,BPRA 2110,PUBLIC SPEAKING AND SPEECH WRITING
BPRA,2,1,BPRA 2111,PHOTOGRAPHY
BPRA,2,1,BPRA 2134,PUBLIC RELATIONS
BPRA,3,1,BADV 3102,MEDIA PLANNING
BPRA,3,1,BPRA 3115,ORGANIZATIONAL COMMUNICATION
BPRA,3,1,BPRA 3116,COMMUNICATION RESEARCH
BPRA,3,1,BPRA 3117,PUBLIC COMMUNICATION CAMPAIGNS
BPRA,3,1,BPRC 3118,EVENTS PLANNING AND MANAGEMENT
BPRA,4,1,BPRA 4123,PAGE LAYOUT AND DESIGN
BPRA,4,1,BPRC 4124,STRATEGIC PUBLIC RELATIONS
BPRA,4,1,BPRC 4125,PROPOSAL WRITING AND FUNDRAISING
BPRA,4,1,BPRC 4126,DIGITAL AND SOCIAL MEDIA STRATEGY
BPRA,4,1,BPRC 4127,LOBBYING AND ADVOCACY
BPRA,4,2,BPRA 4217,PUBLIC OPINION AND PROPAGANDA
BPRA,4,2,BPRA 4233,RESEARCH PROJECT
BPRA,4,2,BPRA 4234,DATA JOURNALISM
BPRA,4,2,BPRC 3204,CROSS CULTURAL COMMUNICATION
BPRA,4,2,BPRC 3206,PRINCIPLES AND PRACTICES OF ADVOCACY
BPRA,4,2,BPRC 4214,DOCUMENTARY PRODUCTION
BPRA,4,2,BPRC 4216,INTERNATIONAL PUBLIC RELATIONS
BPSM,1,1,BACC 1201,PRINCIPLES OF ACCOUNTING
BPSM,1,1,BCIT 1103,COMPUTER APPLICATIONS
BPSM,1,1,BECO 1101,PRINCIPLES OF MICROECONOMICS
BPSM,1,1,BPSM 1101,PRINCIPLES OF PROCUREMENT
BPSM,1,1,BUCU 1101,COMMUNICATION SKILLS
BPSM,1,1,BUCU 1102,LIFE SKILLS
BPSM,2,1,BACC 2105,COST ACCOUNTING
BPSM,2,1,BFIN 2101,FINANCIAL MANAGEMENT
BPSM,2,1,BPSM 2104,PROCUREMENT PLANNING II
BPSM,2,1,BPSM 2105,STORES AND STOCK CONTROL
BPSM,2,1,BPSM 2106,SUPPLIES MANAGEMENT II
BPSM,2,1,BSTA 2101,STATISTICS
BPSM,3,1,BCIT 3168,SUPPLY CHAIN MANAGEMENT INFORMATION SYSTEMS
BPSM,3,1,BPSM 3106,SUPPLIER RELATIONSHIP MANAGEMENT
BPSM,3,1,BPSM 3111,STRATEGIC SUPPLY CHAIN MANAGEMENT
BPSM,3,1,BPSM 3115,WAREHOUSING MANAGEMENT
BPSM,3,1,BPSM 3116,RETAIL MERCHANDISE MANAGEMENT
BPSM,3,1,BPSM 3127,RETAIL MERCHANDISE MANAGEMENT
BPSM,3,1,BUCU 1104,COMPUTER APPLICATIONS
BPSM,3,1,BUCU 1105,COOPERATIVE PHILOSOPHY
BPSM,3,1,TOTAL QUALITY MANAGEMENT 27,Dr. Victor Wambua
BPSM,3,2,BBCU 3201,RESEARCH METHODS FOR SOCIAL SCIENCES
BPSM,3,2,BENT 1207,ENTREPRENEURSHIP SKILLS
BPSM,3,2,BPSM 1202,SUPPLIES MANAGEMENT I
BPSM,3,2,BPSM 1203,PROCUREMENT PLANNING I
BPSM,3,2,BPSM 3202,NEGOTIATIONS
BPSM,3,2,BPSM 3217,CONTRACT MANAGEMENT
BPSM,3,2,BPSM 3219,CATEGORY MANAGEMENT
BPSM,4,1,BBCU 4101,RESEARCH PROJECT I
BPSM,4,1,BECO 4108,TRANSPORT ECONOMICS
BPSM,4,1,BPSM 4101,OPERATIONS MANAGEMENT
BPSM,4,1,BPSM 4102,CONTRACT MANAGEMENT
BPSM,4,1,BPSM 4103,PROCUREMENT MANAGEMENT
BSA,1,1,BACC 1132,PRINCIPLES OF ACCOUNTING
BSA,1,1,BECO 1101,PRINCIPLES OF MICROECONOMICS
BSA,1,1,BUCU 1101,COMMUNICATION SKILLS
BSA,1,1,BUCU 1102,LIFE SKILLS
BSA,1,1,BUCU 1104,COMPUTER APPLICATIONS
BSA,1,1,BUCU 1105,COOPERATIVE PHILOSOPHY
BSA,2,1,BACC 2105,COST ACCOUNTING
BSA,2,1,BACC 2106,ACCOUNTING FOR ASSETS
BSA,2,1,BACC 2122,FINANCIAL ACCOUNTING THEORY
BSA,2,1,BFIN 2101,FINANCIAL MANAGEMENT
BSA,2,1,BSTA 2101,STATISTICS
BSA,3,1,BACC 3105,MANAGEMENT ACCOUNTING
BSA,3,1,BFIN 3104,FINANCIAL INSTITUTIONS AND MARKETS
BSA,3,1,BFIN 3106,FIXED INCOME SECURITIES ANALYSIS AND VALUATION
BSA,3,1,BFIN 4214,FINANCIAL MODELLING AND FORECASTING
BSA,3,1,BSTA 3109,OPERATIONS RESEARCH II
BSA,4,1,BACC 4115,ADVANCED AUDITING AND ASSURANCE
BSA,4,1,BACC 4117,ADVANCED MANAGEMENT ACCOUNTING
BSA,4,1,BACC 4131,ADVANCED FINANCIAL REPORTING AND ANALYSIS
BSA,4,1,BBCU 4101,RESEARCH PROJECT I
BSAS,1,1,BASC 1101,INTRODUCTION TO ACTUARIAL SCIENCE
BSAS,1,1,BECO 1101,PRINCIPLES OF MICROECONOMICS
BSAS,1,1,BFIN 1134,PRINCIPLES OF FINANCE
BSAS,1,1,BMAT 1101,BASIC MATHEMATICS
BSAS,1,1,BUCU 1101,COMMUNICATION SKILLS
BSAS,1,1,BUCU 1102,LIFE SKILLS
BSAS,1,1,BUCU 1104,COMPUTER APPLICATIONS
BSAS,1,1,BUCU 1105,COOPERATIVE PHILOSOPHY
BSAS,2,1,BACC 1132,PRINCIPLES OF ACCOUNTING
BSAS,2,1,BASC 2102,FINANCIAL MATHEMATICS I
BSAS,2,1,BASC 2113,INSURANCE LAW
BSAS,2,1,BASC 2120,LIFE CONTINGENCIES I
BSAS,2,1,BMAT 2108,LINEAR ALGEBRA I
BSAS,2,1,BMAT 2111,CALCULUS II
BSAS,2,1,BSTA 2104,PROBABILITY AND STATISTICS II
BSAS,3,1,BASC 3130,SURVIVAL ANALYSIS
BSAS,3,1,BENT 3115,BUSINESS PLANNING
BSAS,3,1,BFIN 3217,CORPORATE FINANCE
BSAS,3,1,BMAT 3114,REAL ANALYSIS
BSAS,3,1,BSTA 3108,OPERATIONS RESEARCH
BSAS,3,1,BSTA 3111,PROBABILITY AND STATISTICS IV
BSAS,3,1,BSTA 3152,STATISTICAL PROGRAMMING
BSAS,4,1,BASC 4107,STOCHASTIC MODELS FOR ACTUARIES II
BSAS,4,1,BASC 4114,PENSION AND OTHER BENEFITS
BSAS,4,1,BASC 4115,PROJECT I
BSAS,4,1,BASC 4129,CREDIBILTY THEORY AND LOSS MODELS
BSAS,4,1,BSTA 4112,REGRESSION MODELLING
BSAS,4,1,BSTA 4114,TIME SERIES ANALYSIS
BSCAS,1,1,BCSC 1102,INTRODUCTION TO PROGRAMMING
BSCAS,1,1,BMAT 1101,BASIC MATHEMATICS
BSCAS,1,1,BSTA 1133,PRINCIPLES OF SAMPLE SURVEYS
BSCAS,1,1,BUCU 1101,COMMUNICATION SKILLS
BSCAS,1,1,BUCU 1102,LIFE SKILLS
BSCAS,1,1,BUCU 1104,COMPUTER APPLICATIONS
BSCAS,1,1,BUCU 1105,CO-OPERATIVE PHILOSOPHY
BSCAS,2,1,BCIT 2115,PYTHON PROGRAMMING
BSCAS,2,1,BMAT 2108,LINEAR ALGEBRA I
BSCAS,2,1,BMAT 2111,CALCULUS II
BSCAS,2,1,BSTA 2104,PROBABILITY AND STATISTICS II
BSCAS,2,1,BSTA 2132,INTRODUCTION TO STATISTICAL COMPUTING
BSCAS,2,1,BSTA 2134,LINEAR MODELS I
BSCAS,2,1,BSTA 2174,EPIDEMIOLOGY AND VITAL STATISTICS
BSCAS,2,2,BSTA 2134,Linear Models II
BSCAS,2,2,BSTA 2206,Probability and Statistics III
BSCAS,3,1,BMAT 3114,REAL ANALYSIS
BSCAS,3,1,BSTA 3109,OPERATIONS RESEARCH II
BSCAS,3,1,BSTA 3111,PROBABILITY AND STATISTICS IV
BSCAS,3,1,BSTA 3119,DESIGN AND ANALYSIS OF EXPERIMENTS
BSCAS,3,1,BSTA 3138,ECONOMETRICS II
BSCAS,3,1,BSTA 3149,STATISTICAL QUALITY CONTROL METHODS
BSCAS,3,1,BSTA 3152,STATISTICAL PROGRAMMING
BSCAS,4,1,BCSC 4147,MACHINE LEARNING
BSCAS,4,1,BSTA 4105,DESIGN AND ANALYSIS OF SAMPLE SURVEY
BSCAS,4,1,BSTA 4112,REGRESSION MODELLING
BSCAS,4,1,BSTA 4116,TIME SERIES ANALYSIS
BSCAS,4,1,BSTA 4130,DECISION THEORY
BSCAS,4,1,BSTA 4150,PROJECT I
BSCAS,4,1,BSTA 4155,STATISTICS FOR BIOINFOMATICS
BSET,1,1,BCIT 1103,COMPUTER APPLICATIONS
BSET,1,1,BENV 1121,INTRODUCTION TO ENVIRONMENTAL SCIENCE
BSET,1,1,BENV 1122,PRINCIPLES OF NATURAL RESOURCES MANAGEMENT
BSET,1,1,BUCU 1101,COMMUNICATION SKILLS
BSET,1,1,BUCU 1103,LIFE SKILLS
BSET,1,1,BUCU 1105,CO-OPERATIVE PHILOSOPHY
BSET,2,1,BENV 2133,WATERSHED MANAGEMENT & TECHNOLOGY
BSET,2,1,BENV 2134,ENVIRONMENTAL BIOLOGY
BSET,2,1,BENV 2135,ENVIRONMENTAL SOIL SCIENCE
BSET,2,1,BENV 2136,INTRODUCTION TO ENVIRONMENTAL ECONOMICS
BSET,2,1,BENV 2137,ENVIRONMENTAL ETHICS
BSET,2,1,BETE 3101,GIS & REMOTE SENSING I
BSET,2,1,BSTA 2101,SOCIAL STATISTICS
BSET,3,1,BDRM 3120,ENVIRONMENTAL DISASTER MANAGEMENT
BSET,3,1,BENT 3105,LAB/FIELDWORK BBIT Y2 BBIT Y2 SPECTROSCOPY AND ANALYTICAL INSTRUMENTS-14 HRS
BSET,3,1,BENT 3106,ENVIRONMENTAL ANALYTICAL SKILLS
BSET,3,1,BENT 3107,IRRIGATION AND WATER CONSERVATION TECHNOLOGY
BSET,3,1,BENV 3150,TECHNOLOGY MANAGEMENT OF WETLANDS AND HYDROLOGICAL
BSET,3,1,BENV 3151,ENVIRONMENTAL AND INDUSTRIAL TOXICOLOGY
BSET,3,1,BENV 3152,ENVIRONMENTAL FIELD COURSE
BSIT,1,1,BCIT 1101,FOUNDATIONS OF INFORMATION TECHNOLOGY
BSIT,1,1,BCIT 1105,INTRODUCTION TO OPERATING SYSTEMS
BSIT,1,1,BCSC 1102,INTRODUCTION TO PROGRAMMING
BSIT,1,1,BMAT 1101,BASIC MATHEMATICS
BSIT,1,1,BUCU 1101,COMMUNICATION SKILLS
BSIT,1,1,BUCU 1102,LIFE SKILLS
BSIT,1,1,BUCU 1104,COMPUTER APPLICATIONS
BSIT,1,1,BUCU 1105,COOPERATIVE PHILOSOPHY
BSIT,2,1,BCIT 2111,OBJECT ORIENTED PROGRAMMING I
BSIT,2,1,BCIT 2112,SYSTEM ANALYSIS AND DESIGN
BSIT,2,1,BMAT 2109,LINEAR ALGEBRA
BSIT,2,1,BMAT 2111,CALCULUS II
BSIT,2,1,BSTA 2104,PROBABILITY AND STATISTICS II
BSIT,2,1,BSTA 2132,INTRODUCTION TO STATISTICAL COMPUTING
BSIT,2,1,BSTA 2134,LINEAR MODELS I
BSIT,3,1,BCIT 3126,HUMAN COMPUTER INTERACTION
BSIT,3,1,BMAT 3114,REAL ANALYSIS
BSIT,3,1,BSTA 3109,OPERATIONS RESEARCH II
BSIT,3,1,BSTA 3110,STATISTICAL DATA ANALYSIS
BSIT,3,1,BSTA 3111,PROBABILITY AND STATISTICS IV
BSIT,3,1,BSTA 3119,DESIGN AND ANALYSIS OF EXPERIMENTS
BSIT,3,1,BSTA 3152,STATISTICAL PROGRAMMING
BSIT,4,1,BCIT 4148,INFORMATION ASSURANCE AND SECURITY
BSIT,4,1,BCIT 4149,PROJECT I
BSIT,4,1,BCSC 4126,SIMULATION AND MODELLING
BSIT,4,1,BSTA 4112,REGRESSION MODELLING
BSIT,4,1,BSTA 4116,TIME SERIES ANALYSIS
BSIT,4,1,BSTA 4130,DECISION THEORY
BSSE,1,1,BCIT 1105,INTRODUCTION TO OPERATING SYSTEMS
BSSE,1,1,BCSC 1102,INTRODUCTION TO PROGRAMMING
BSSE,1,1,BMAT 1101,BASIC MATHEMATICS
BSSE,1,1,BPHY 1102,SEMICONDUCTOR PHYSICS
BSSE,1,1,BUCU 1101,COMMUNICATION SKILLS
BSSE,1,1,BUCU 1102,LIFE SKILLS
BSSE,1,1,BUCU 1104,COMPUTER APPLICATIONS
BSSE,1,1,BUCU 1105,COOPERATIVE PHILOSOPHY
BSSE,2,1,BCIT 2112,SYSTEM ANALYSIS AND DESIGN
BSSE,2,1,BCSE 2104,DATA COMMUNICATION NETWORKS
BSSE,2,1,BCSE 2105,FOUNDATIONS OF SOFTWARE ENGINEERING
BSSE,2,1,BMAT 2109,LINEAR ALGEBRA
BSSE,2,1,BMAT 2111,CALCULUS II
BSSE,2,1,BNCS 2103,"MANAGEMENT Prof.Oboka,Dr. Jacinta Kingori,DrCharles Wambu BBIT Y2 BBIT Y2 BCOM Y3 FUNDERMENTALS OF CLOUD COMPUTING AND"
BSSE,2,1,BSTA 2104,PROBABILITY AND STATISTICS II
BSSE,3,1,BCIT 3126,HUMAN COMPUTER INTERACTION
BSSE,3,1,BCIT 3134,SOFTWARE PROJECT MANAGEMENT
BSSE,3,1,BCSC 3106,CELLULAR NETWORKS
BSSE,3,1,BCSC 3128,DESIGN AND ANALYSIS OF ALGORITHMS
BSSE,3,1,BCSC 3155,AUTOMATA THEORY
BSSE,3,1,BCSE 3109,SOFTWARE DESIGN
BSSE,3,1,BCSE 3110,COMPUTER ORGANIZATION AND ARCHITECTURE
BSSE,4,1,BCIT 4149,PROJECT I (SYSTEM DEVELOPMENT PROPOSAL)
BSSE,4,1,BCSC 4147,MACHINE LEARNING
BSSE,4,1,BCSE 4115,SOFTWARE FOR REAL-TIME EMBEDDED SYSTEMS
BSSE,4,1,BCSE 4116,SOFTWARE PROCESS AND SECURITY
BSSE,4,1,BCSE 4117,SOFTWARE QUALITY ENGINEERING
BSSE,4,1,BCSE 4118,COMPUTER SYSTEMS RELIABILITY
BSSE,4,1,BCSE 4119,ADVANCED FRONT-END WEB DEVELOPMENT
BSc.AM,1,1,BENV 1136,INTRODUCTION TO ENVIRONMENTAL SCIENCE
BSc.AM,1,1,BMAT 1102,MATHEMATICS I
BSc.AM,1,1,BUCU 1101,COMMUNICATION SKILLS
BSc.AM,1,1,BUCU 1102,LIFE SKILLS
BSc.AM,1,1,BUCU 1104,COMPUTER APPLICATIONS
BSc.AM,1,1,BUCU 1105,COOPERATIVE PHILOSOPHY
BSc.AM,2,1,BENV 2104,PRINCIPLES OF ECOLOGY AND BIODIVERSITY
BSc.AM,2,1,BENV 2115,LAND RECLAMATION AND CONSERVATION
BSc.AM,2,1,BENV 2116,"JANUARY 2026 DRAFT ORDINARY EXAMINATION TIMETABLE THE CO-OPERATIVE UNIVERSITY OF KENYA DRAFT UNDERGRADUATE, DIPLOMA & CERTIFICATE EXAMINATION TIMETABLE JANUARY 2026 PRINCIPLES AND PRACTICES OF ENVIRONMENTAL"
BSc.AM,2,1,BMKT 2138,VIRTUALIZATION AGRICULTURAL VALUE CHAIN DEVELOPMENT AND
BSc.AM,2,1,BSOC 2103,RURAL SOCIOLOGY
BSc.AM,2,1,BSOC 3104,DEVELOPMENT ANTHROPOLOGY
BSc.AM,2,1,BSTA 2101,STATISTICS
BSc.AM,3,1,BAFS 3118,CLIMATE SMART AGRICULTURE
BSc.AM,3,1,BAFS 3119,FINANCIAL MANAGEMENT IN AGRIBUSINESS
BSc.AM,3,1,BAFS 3120,AGRICULTURAL AND AGRIBUSINESS POLICIES AND LAWS
BSc.AM,3,1,BAFS 3121,NATURAL PRODUCTS PROCESSING TECHNOLOGY
BSc.AM,3,1,BAFS 3122,AGRICULTURAL EXTENSION SERVICES
BSc.AM,3,1,BBEC 3121,HUMAN RESOURCE MANAGEMENT
BSc.AM,4,1,BAFS 4127,AGRIBUSINESS DEVELOPMENT PROGRAMMES & PROJECTS
BSc.AM,4,1,BAFS 4128,TAXATION IN AGRIBUSINESS
BSc.AM,4,1,BAFS 4129,STRATEGIC AGRIBUSINESS MANAGEMENT
BSc.AM,4,1,BAFS 4130,FARM MANAGEMENT TECHNOLOGY
BSc.AM,4,1,BAFS 4131,AGRIBUSINESS MANAGEMENT: SPECIAL PROJECTS
BSc.AM,4,1,BAFS 4132,RESEARCH PROJECT I
BSc.Fin,1,1,BACC 1132,PRINCIPLES OF ACCOUNTING
BSc.Fin,1,1,BECO 1101,PRINCIPLES OF MICROECONOMICS
BSc.Fin,1,1,BUCU 1102,LIFE SKILLS
BSc.Fin,1,1,BUCU 1104,COMPUTER APPLICATIONS
BSc.Fin,1,1,BUCU 1105,CO-OPERATIVE PHILOSOPHY
BSc.Fin,2,1,BACC 2105,COST ACCOUNTING
BSc.Fin,2,1,BACC 2106,ACCOUNTING FOR ASSETS
BSc.Fin,2,1,BASC 2102,FINANCIAL MATHEMATICS I
BSc.Fin,2,1,BFIN 2101,FINANCIAL MANAGEMENT
BSc.Fin,2,1,BFIN 2120,FINANCIAL ECONOMETRICS I
BSc.Fin,2,1,BSTA 2101,STATISTICS
BSc.Fin,3,1,BACC 3105,MANAGEMENT ACCOUNTING
BSc.Fin,3,1,BFIN 3104,FINANCIAL INSTITUTIONS AND MARKETS
BSc.Fin,3,1,BFIN 3106,FIXED INCOME SECURITIES ANALYSIS AND VALUATION
BSc.Fin,3,1,BFIN 4214,FINANCIAL MODELLING AND FORECASTING
BSc.Fin,3,1,BSTA 3109,OPERATIONS RESEARCH II
BSc.Fin,4,1,BBCU 4101,RESEARCH PROJECT I
BSc.Fin,4,1,BFIN 4107,INTERNATIONAL FINANCE
BSc.Fin,4,1,BFIN 4111,INVESTMENT ETHICS AND STANDARDS
BSc.Fin,4,1,BFIN 4122,DERIVATIVES ANALYSIS AND VALUATION
BTM,1,1,BACC 1201,PRINCIPLES OF ACCOUNTING
BTM,1,1,BLAN 1101,FRENCH 1 A
BTM,1,1,BTRM 1106,TOURISM PRINCIPLES AND PRACTICES
BTM,1,1,BUCU 1101,COMMUNICATION SKILLS
BTM,1,1,BUCU 1102,LIFE SKILLS
BTM,1,1,BUCU 1104,COMPUTER APPLICATIONS
BTM,1,1,BUCU 1105,CO-OPERATIVE PHILOSOPHY
BTM,2,1,BLAN 2105,FRENCH 2
BTM,2,1,BSTA 2101,STATISTICS
BTM,2,1,BTRM 2105,TRAVEL AND TOUR OPERATIONS
BTM,2,1,BTRM 2106,HERITAGE TOURISM
BTM,2,1,BTRM 2107,TICKETING AND DOCUMENTATION
BTM,2,1,BTRM 2109,NATURAL HISTORY OF FLORA IN EAST AFRICA
BTM,3,1,BCIT 3127,HOSPITALITY AND TOURISM INFORMATION SYSTEMS
BTM,3,1,BLAN 3105,FRENCH 3A
BTM,3,1,BLAW 2119,BUSINESS LAW
BTM,3,1,BTRM 3114,SERVICE QUALITY AND DESTINATION MANAGEMENT
BTM,3,1,BTRM 3115,TOURISM POLICY AND PLANNING
BTM,3,1,BTRM 3116,WILDLIFE CONSERVATION AND TOURISM
BTM,4,1,BENT 4107,ENTREPRENEURSHIP IN TOURISM
BTM,4,1,BHRM 2105,HUMAN RESOURCE PLANNING
BTM,4,1,BMGT 4120,STRATEGIC MANAGEMENT IN TOURISM
BTM,4,1,BPRM 4101,PUBLIC RELATIONS AND CRISIS MANAGEMENT IN TOURISM
BTM,4,1,BPRM 4102,PROJECT MANAGEMENT IN TOURISM
BTM,4,1,BTRM 4102,TOURISM TRANSPORT MANAGEMENT
BTM,4,1,BTRM 4111,RESEARCH METHODS IN TOURISM
CBM,1,1,0031 451 05A,BUSINESS COMMUNICATION
CBM,1,1,0411 451 04A,FINANCIAL ACCOUNTING SKILLS
CBM,1,1,0413 451 07A,MANAGEMENT SKILLS
CBM,1,1,0413 454 14A,CO-OPERATIVE PRACTICES
CBM,1,1,0588 541 09A,BUSINESS MATHEMATICS AND STATISTICS
CBM,1,1,0611 451 01A,DIGITAL LITERACY
CPS,1,2,CBM 0108,BUSINESS ETHICS
CPS,1,2,CPM 0107,FOUNDATIONS OF ACCOUNTING
CPS,1,2,CPM 0109,CUSTOMER CARE
CPS,1,2,CPM 0110,TACTICS AND OPERATIONS IN PURCHASING
CPS,1,2,CPM 0111,SUPPLIES AND MATERIALS MANAGEMENT
CPS,1,2,CPM 0112,LIFE SKILLS
DAF,1,1,0031 541 10A,COMMUNICATION SKILLS
DAF,1,1,0411 551 07A,FUNDAMENTALS OF ACCOUNTING
DAF,1,1,0411 551 13A,FINANCIAL MANAGEMENT SKILLS
DAF,1,1,0611 551 04A,DIGITAL LITERACY
DAF,1,1,CO-OPERATIVE PRACTICES 24,Joash Rono
DAF,2,2,DMAF 1201,TAXATION
DAF,2,2,DMAF 1203,COMPUTERIZED ACCOUNTING
DAF,2,2,DMBA 1204,BUSINESS LAW
DAF,2,2,DMDE 1202,BUSINESS PLANNING
DAF,2,2,DMHR 1206,PUBLIC RELATIONS
DAF,2,2,DUCU 1204,RESEARCH PROJECT II
DBA,2,1,DMAF 1201,TAXATION
DBA,2,1,DMBA 1103,ORGANIZATIONAL BEHAVIOUR
DBA,2,1,DMBF 1101,PRINCIPLES OF AUDITING
DBA,2,1,DMMF 1201,HUMAN RESOURCE MANAGEMENT
DBA,2,1,DUCU 1201,ENTREPRENEURSHIP SKILLS
DBA,2,1,DUCU 1203,RESEARCH PROJECT I
DBF,1,1,0031 541 10A,BUSINESS COMMUNICATION
DBF,1,1,0411 551 07A,FINANCIAL ACCOUNTING SKILLS
DBF,1,1,0411 551 13A,FINANCIAL MANAGEMENT SKILLS
DBF,1,1,0412 551 12A,MARKET BANK PRODUCTS
DBF,1,1,0611 551 04A,DIGITAL LITERACY
DBF,1,2,DMBA 1102,PRINCIPLES AND PRACTICE OF MANAGEMENT
DBF,1,2,DMBF 1103,INTERNATIONAL TRADE FINANCE
DBF,1,2,DMBM 1101,FINANCIAL ACCOUNTING
DBF,1,2,DMMF 1102,CUSTOMER CARE
DBF,1,2,DUCU 1105,LIFE SKILLS
DBF,1,2,DUCU 1107,RESEARCH METHODS
DBF,2,2,DMBF 1202,ASSETS AND LIABILITIES MANAGEMENT
DBF,2,2,DMBF 1203,LENDING
DBF,2,2,DMCM 1201,BANKING LAW AND PRACTICE
DBF,2,2,DMDM 1101,PRINCIPLES OF MARKETING
DBF,2,2,DUCU 1201,ENTREPRENEURSHIP SKILLS
DBF,2,2,DUCU 1204,RESEARCH PROJECT II
DBM,1,1,0031 451 05A,APPLY COMMUNICATION SKILLS
DBM,1,1,0411 451 04A,APPLY FINANCIAL ACCOUNTING SKILLS
DBM,1,1,0413 551 15A,DEVELOP ORGANIZATIONAL STRATEGIC PLAN
DBM,1,1,0413 551 16A,PERFORM HUMAN RESOURCE ACTIVITIES
DBM,1,1,0611 451 01A,APPLY DIGITAL LITERACY
DBM,2,2,DMBA 1204,BUSINESS LAW
DBM,2,2,DMBM 1202,TAXATION
DBM,2,2,DMDE 1202,BUSINESS PLANNING
DBM,2,2,DMHR 1203,GENERAL ECONOMICS
DBM,2,2,DMMF 1102,CUSTOMER CARE
DBM,2,2,DUCU 1204,RESEARCH PROJECT II
DCAM,1,1,0031 541 10A,COMMUNICATION SKILLS
DCAM,1,1,0611 551 04A,DIGITAL LITERACY
DCAM,1,1,0915 551 05A,PRINCIPLES OF FOOD SCIENCE AND NUTRITION
DCAM,1,1,1013 551 01A,FRONT OFFICE OPERATIONS
DCAM,1,1,1013 551 02A,LAUNDRY OPERATIONS
DCAM,1,1,1013 551 03A,HOUSEKEEPING OPERATIONS
DCD,2,2,DCOD 2207,ADMINISTRATION OF SOCIAL WELFARE ORGANIZATIONS
DCD,2,2,DCOD 2208,COMMUNITY LEADERSHIP
DCD,2,2,DCOD 2209,PROJECT MANAGEMENT
DCD,2,2,DCOD 2210,COMMUNITY HEALTH
DCD,2,2,DCRP 2201,RESEARCH PROJECT
DCD,2,2,DSOC 2202,HUMAN DIVERSITY
DCHM,2,1,DCHM 1201,FOOD PRODUCTION PRACTICAL II (BAKING AND PASTRY)
DCHM,2,1,DCHM 1202,LAB PRA. DIPLOMA AND CERTIFICATE Dr. Desmond Mwangi Dr. Desmond Mwangi Dr. Desmond Mwangi Maurice Odambatafwa FOOD SERVICE PRACTICAL II (NON-ALCOHOLIC BEVERAGES AND
DCHM,2,1,DECO 1203,GENERAL ECONOMICS
DCHM,2,1,DHRM 2122,HUMAN RESOURCE MANAGEMENT
DCHM,2,1,DLAN 1201,FOREIGN LANGUAGE II (FRENCH)
DCHM,2,1,DMKT 1242,HOSPITALITY MARKETING
DCHM,2,1,DUCU 2108,ENTREPRENEURSHIP SKILLS
DCHM,2,2,DCHM 1204,FRONT OFFICE OPERATIONS
DCHM,2,2,DCHM 1205,FOOD AND BEVERAGE CONTROL
DCHM,2,2,DCHM 1207,FACILITIES MANAGEMENT
DCHM,2,2,DCHM 1208,FOOD AND BEVERAGE MANAGEMENT
DCHM,2,2,DCHM 1209,NUTRITION
DCHM,2,2,DLAN 1201,FOREIGN LANGUAGE II (FRENCH)
DCHM,2,2,DLAW 1206,HOSPITALITY AND TOURISM LAW
DCHM,2,2,DMTM 1101,FUNDAMENTALS OF TOURISM
DCM,1,1,0031 441 01 A,APPLY COMMUNICATION SKILLS
DCM,1,1,0411 451 04A,APPLY FINANCIAL ACCOUNTING SKILLS
DCM,1,1,0411 551 13A,CO-OPERATIVE PRACTICE
DCM,1,1,0412 551 14B,MANAGE COOPERATIVE MEMBER RECORDS
DCM,1,1,0412 551 17B,PERFORM HUMAN RESOURCE FUNCTIONS
DCM,1,1,0611 451 01A,APPLY DIGITAL LITERACY
DCM,2,2,DCOB 2206,CO-OPERATIVE EDUCATION TRAINING
DCM,2,2,DCOB 2207,FINANCIAL MANAGEMENT FOR CO-OPERATIVES
DCM,2,2,DCOB 2208,RESEARCH PROJECT
DCM,2,2,DMAF 1213,COST ACCOUNTING
DCM,2,2,DMHR 1203,PRINCIPLES OF ECONOMICS
DCM,2,2,DUCU 1201,ENTREPRENEURSHIP SKILLS
DCP,2,2,DICP 2225,DEMONSTRATE OCCUPATIONAL SAFETY AND HEALTH PRACTICES
DCP,2,2,DICP 2226,CLIENT SIDE WEB APPLICATIONS II
DCP,2,2,DICP 2227,SERVER SIDE WEB APPLICATIONS II
DCP,2,2,DICP 2228,MOBILE APPLICATIONS II
DCP,2,2,DICP 2229,AGILE DEVELOPMENT CONCEPTS II
DCS,1,1,CS/61/001/6/A,DEMONSTRATE DIGITAL LITERACY
DCS,1,1,CS/61/002/6/A,DEMONSTRATE COMMUNICATION SKILLS
DCS,1,1,CS/61/003/6/A,PERFORM SYSTEM ANALYSIS AND DESIGN
DCS,1,1,CS/61/004/6/A,UNDERSTAND STRUCTURED PROGRAMMING CONCEPTS (C)
DCS,1,1,CS/61/005/6/A,DEMONSTRATE BASIC ELECTRONIC SKILLS
DCS,1,1,CS/61/006/6/A,APPLY FUNDAMENTALS OF MATHEMATICS
DCS,1,2,BCIT 1202,DATA COMMUNICATION AND COMPUTER NETWORKS
DCS,1,2,BCIT 1207,INTRODUCTION TO INFORMATION SYSTEMS
DCS,1,2,BLAW 1201,BUSINESS LAW
DCS,1,2,BMAT 1204,DISCRETE MATHEMATICS
DCS,1,2,BMAT 1205,CALCULUS I
DCS,1,2,BMKT 1202,PRINCIPLES OF MARKETING
DCS,1,2,CS/61/007/6/A,UNDERSTAND OPERATING SYSTEM
DCS,1,2,CS/61/008/6/A,DEMONSTRATE DATABASE MANAGEMENT SKILLS (SQL)
DCS,1,2,CS/61/009/6/A,APPLY CLOUD COMPUTING FUNDAMENTALS
DCS,1,2,CS/61/010/6/A,OBJECT ORIENTED PROGRAMMING (C++)
DCS,1,2,CS/61/011/6/A,UNDERSTAND COMPILER CONSTRUCTION PRINCIPLES
DCS,1,2,CS/61/012/6/A,APPLY COOPERATIVE PRACTICES
DCS,1,2,CS/61/013/6/A,UNDERSTAND MATHEMATICS FOR COMPUTER SCIENCE
DCS,1,2,CSC 1204,DATA STRUCTURES AND ALGORITHMS
DCS,1,2,CSE 1203,STRUCTURED PROGRAMMING LAB
DCS,1,2,DCS 1.20412 551 10A,Apply Business Maths and Statistics
DCS,1,2,DCS 1.20412 551 22A,Cooperative Practices
DCS,1,2,DCS 1.20613 554 03A,Networking and Distributed Systems
DCS,1,2,DCS 1.20613 554 04A,Graphics Design
DCS,1,2,DCS 1.20613 554 10A,Apply Mathematics for Computer Science
DCS,2,1,DICS 2116,DATABASE MANAGEMENT SKILLS II
DCS,2,1,DICS 2117,INFORMATION SYSTEM II
DCS,2,1,DICS 2118,NETWORKING AND DISTRIBUTED SYSTEMS II
DCS,2,1,DICS 2119,ARTIFICIAL INTELLIGENCE II
DCS,2,1,DICS 2120,ALGORITHMS AND DATA STRUCTURES I
DCS,2,1,DICS 2121,WEB DESIGN SKILLS I
DCS,2,1,DICS 2122,GRAPHIC DESIGN I
DCS,2,2,BCIT 1208,COMPUTER NETWORKS
DCS,2,2,BCIT 1210,DATABASE MANAGEMENT SYSTEMS
DCS,2,2,BCIT 2213,NETWORKS AND SYSTEMS ADMINISTRATION
DCS,2,2,BCIT 2214,SOFTWARE ENGINEERING
DCS,2,2,BCIT 2217,OBJECT ORIENTED PROGRAMMING II
DCS,2,2,BCIT 2219,MANAGEMENT INFORMATION SYSTEMS
DCS,2,2,BCIT 2230,ADVANCED OPERATING SYSTEMS
DCS,2,2,BCSC 2205,COMPUTER AIDED ART AND DESIGN
DCS,2,2,BECO 1202,PRINCIPLES OF MACROECONOMICS
DCS,2,2,BMAT 1207,MATHEMATICS II
DCS,2,2,BPHY 1204,DIGITAL LOGIC AND ELECTRONICS
DCS,2,2,BSTA 1203,PROBABILITY AND STATISTICS I
DCS,2,2,DICS 2222,OCCUPATIONAL SAFETY AND HEALTH PRACTICES
DCS,2,2,DICS 2223,EMPLOYABILITY SKILLS
DCS,2,2,DICS 2224,ENVIRONMENTAL LITERACY
DCS,2,2,DICS 2225,ALGORITHMS AND DATA STRUCTURES II
DCS,2,2,DICS 2226,WEB DESIGN SKILLS II
DCS,2,2,DICS 2227,GRAPHIC DESIGN II
DCS,3,2,BCIT 2122,OBJECT ORIENTED PROGRAMMING
DCS,3,2,BCIT 2132,WEB DEVELOPMENT
DCS,3,2,BCIT 3237,ELECTRONIC COMMERCE
DCS,3,2,BCIT 3238,MOBILE APPLICATION DEVELOPMENT
DCS,3,2,BCIT 3242,ADVANCED DATABASE MANAGEMENT SYSTEMS
DCS,3,2,BCIT 3244,MULTIMEDIA SYSTEMS
DCS,3,2,BCIT 3260,RESEARCH METHODS FOR IT
DCS,3,2,BCIT 3265,DISTRIBUTED SYSTEMS
DCS,3,2,BCSC 3225,ARTIFICIAL INTELLIGENCE
DCS,3,2,BECO 1101,PRINCIPLES OF MICROECONOMICS
DCS,3,2,BMAT 1102,MATHEMATICS I
DCS,3,2,BUCI 1101,COMMUNICATION SKILLS
DCS,3,2,BUCI 1102,LIFE SKILLS
DCS,3,2,BUCI 1105,COOPERATIVE PHILOSOPHY
DCS,4,2,BCIT 4254,ICT COMMERCIALIZATION
DCS,4,2,BCIT 4255,INFORMATION SYSTEMS AUDIT
DCS,4,2,BCIT 4264,PROJECT II
DCS,4,2,BCIT 4266,COMPUTING LAW AND ETHICS
DCS,4,2,BCSC 4126,SIMULATION AND MODELLING
DCS,4,2,BCSC 4214,MOBILE COMPUTING
DCS,4,2,BCSC 4227,DATA SCIENCE
DCS,4,2,BCSC 4231,KNOWLEDGE BASED SYSTEMS
DCS,4,2,BENT 1207,ENTREPRENEURSHIP SKILLS
DCS,4,2,BFIN 2225,FINANCIAL ETHICS AND STANDARDS
DCS,4,2,BMGT 1201,PRINCIPLES AND PRACTICE OF MANAGEMENT
DCY,1,1,23,Brian Obunga
DCY,1,1,APPLY FUNDAMENTALS OF MATHEMATICS 23,Godfrey Makori
DCY,1,1,DEMONSTRATE COMMUNICATION SKILLS 23,Samuel Omulando
DCY,1,1,DEMONSTRATE DIGITAL LITERACY 23,Nicole Chepngetich
DCY,1,1,PERFORM SYSTEM ANALYSIS AND DESIGN 23,Danson Gikonyo
DCY,1,1,UNDERSTAND STRUCTURED PROGRAMMING CONCEPTS (C) 23,Brian Obunga
DCY,1,2,APPLY CLOUD COMPUTING FUNDAMENTALS 25,Rieko Brian Ongeri
DCY,1,2,APPLY COOPERATIVE PRACTICES 25,Joash Rono
DCY,1,2,APPLY OBJECT ORIENTED PROGRAMMING USING JAVA 25,Sylvia Nyawira
DCY,1,2,BCIT 1208,COMPUTER NETWORKS
DCY,1,2,BCIT 1210,DATABASE MANAGEMENT SYSTEMS
DCY,1,2,BCSC 1204,DATA STRUCTURES AND ALGORITHMS
DCY,1,2,BCSE 1203,STRUCTURED PROGRAMMING LAB
DCY,1,2,BENT 1207,ENTREPRENEURSHIP SKILLS
DCY,1,2,BMAT 1204,DISCRETE MATHEMATICS
DCY,1,2,BMAT 1205,CALCULUS I
DCY,1,2,BPHY 1203,PHYSICS
DCY,1,2,BPHY 1204,DIGITAL LOGIC AND ELECTRONICS
DCY,1,2,BSTA 1203,PROBABILITY AND STATISTICS I
DCY,1,2,DCY 1.2 0612554 03A,Apply Cooperative Practices
DCY,1,2,DCY 1.2 0612554 05A,Install and Configure Linux
DCY,1,2,DCY 1.2 0612554 06A,Secure Software Application
DCY,1,2,DESIGN AND USE OF A DATABASE (SQL) 25,Emmanuel Malingi
DCY,1,2,PERFORM COMPUTER NETWORK SETUP 25,Sylvia Cherop
DCY,1,2,UNDERSTAND INFORMATION SECURITY GOVERNANCE 25,Henry Mideko
DCY,2,1,DICU 1108,APPLY WORK ETHICS AND PRACTICES
DCY,2,1,DICY 2112,ENVIRONMENTAL LITERACY
DCY,2,1,DICY 2113,SOFTWARE APPLICATION SECURITY
DCY,2,1,DICY 2114,DATABASE SECURITY
DCY,2,1,DICY 2115,CYBER SECURITY SYSTEM INSTALLATION
DCY,2,2,BCIT 2214,SOFTWARE ENGINEERING
DCY,2,2,BCIT 2217,OBJECT ORIENTED PROGRAMMING II
DCY,2,2,BCIT 2218,INTERNET APPLICATION PROGRAMMING
DCY,2,2,BCIT 2219,MANAGEMENT INFORMATION SYSTEMS
DCY,2,2,BCSC 2207,SCIENTIFIC COMPUTING
DCY,2,2,BCSC 2256,DATA COMMUNICATION
DCY,2,2,BCSE 2206,SOFTWARE REQUIREMENTS ENGINEERING
DCY,2,2,BCSE 2207,SOFTWARE METRICS
DCY,2,2,BCSE 2208,FUNDAMENTALS OF OBJECT ORIENTED PROGRAMMING WITH JAVA
DCY,2,2,BDSC 2203,DATA PREPARATION
DCY,2,2,BMAT 2210,LINEAR ALGEBRA II
DCY,2,2,BMAT 2217,VECTOR ANALYSIS
DCY,2,2,BSTA 2206,PROBABILITY AND STATISTICS III
DCY,2,2,BSTA 2207,OPERATIONS RESEARCH I
DCY,2,2,BSTA 2235,LINEAR MODELS II
DCY,2,2,BSTA 2237,ECONOMETRICS I
DCY,2,2,BSTA 3210,STATISTICAL DATA ANALYSIS
DCY,2,2,DCY 2.2 DICY 2218,Security Assessment and Testing
DCY,2,2,DCY 2.2 DICY 2219,Security Operations management
DCY,2,2,DICY 2216,OCCUPATIONAL SAFETY AND HEALTH PRACTICES
DCY,2,2,DICY 2217,CYBER SECURITY RISK ASSESSMENT
DCY,2,2,DICY 2218,SECURITY ASSESSMENT AND TESTING
DCY,2,2,DICY 2219,SECURITY OPERATIONS MANAGEMENT
DCY,3,2,BCIT 3237,ELECTRONIC COMMERCE
DCY,3,2,BCIT 3238,MOBILE APPLICATION DEVELOPMENT
DCY,3,2,BCIT 3260,RESEARCH METHODS FOR IT
DCY,3,2,BCIT 3262,DATABASE PROGRAMMING
DCY,3,2,BCSC 3220,COMPILER CONSTRUCTION AND DESIGN
DCY,3,2,BCSC 3225,ARTIFICIAL INTELLIGENCE
DCY,3,2,BCSE 3211,SOFTWARE VERIFICATION AND VALIDATION
DCY,3,2,BCSE 3212,OBJECT ORIENTED ANALYSIS AND DESIGN WITH UML
DCY,3,2,BCSE 3213,ADVANCED OBJECT-ORIENTED PROGRAMMING WITH JAVA
DCY,3,2,BCSE 3214,SOFTWARE ARCHITECTURE
DCY,3,2,BDSC 3208,DATA VISUALIZATION
DCY,3,2,BDSC 3211,TEXT ANALYTICS
DCY,3,2,BDSC 3212,DATA ENGINEERING
DCY,3,2,BDSC 3217,VIDEO ANALYTICS
DCY,3,2,BMAT 3213,NUMERICAL ANALYSIS
DCY,3,2,BSTA 3213,STOCHASTIC PROCESSES
DCY,3,2,BSTA 3219,ECONOMIC AND SOCIAL STATISTICS
DCY,3,2,BSTA 3221,THEORY OF ESTIMATION
DCY,3,2,BSTA 3228,SURVIVAL MODELS
DCY,3,2,BSTA 3239,ECONOMETRICS
DCY,3,2,BSTA 3253,RESEARCH METHODS FOR IT
DCY,3,2,BSTA 3253/BCIT 3260,RESEARCH METHODS
DCY,3,2,BSTA 4147,HYPOTHESIS TESTING
DCY,4,2,BCIT 3242,ADVANCED DATABASE MANAGEMENT SYSTEMS
DCY,4,2,BCIT 4261,SYSTEM SECURITY AND AUDIT
DCY,4,2,BCIT 4264,PROJECT II
DCY,4,2,BCIT 4266,COMPUTING LAW AND ETHICS
DCY,4,2,BCSC 4235,DATA MINING
DCY,4,2,BCSC 4248,DATA SCIENCE
DCY,4,2,BCSE 4221,SOFTWARE ENGINEERING PROFESSION AND ETHICS
DCY,4,2,BCSE 4222,SOFTWARE MAINTENANCE AND EVOLUTION
DCY,4,2,BCSE 4224,COMPONENT BASED SOFTWARE DEVELOPMENT
DCY,4,2,BCSE 4225,ADVANCED BACK-END WEB DEVELOPMENT
DCY,4,2,BDSC 4215,STRATEGIC INFORMATION SYSTEMS
DCY,4,2,BDSC 4219,CYBERSECURITY AND DATA SCIENCE
DCY,4,2,BSCC 4227,DATA SCIENCE
DCY,4,2,BSCC 4250,NETWORK PROGRAMMING
DCY,4,2,BSTA 4105,DESIGN AND ANALYSIS OF SAMPLE SURVEY
DCY,4,2,BSTA 4218,NON-PARAMETRIC AND ROBUST METHODS
DCY,4,2,BSTA 4229,BAYESIAN DATA ANALYSIS
DCY,4,2,BSTA 4248,STATISTICS AND BIG DATA ANALYTICS
DCY,4,2,BSTA 4251,PROJECT II
DCY,4,2,BSTA 4254,CATEGORICAL DATA ANALYSIS
DCY,4,2,BSTA 4267,DESIGN AND ANALYSIS OF CLINICAL TRIALS
DHRM,1,1,003145103A,APPLY BUSINESS COMMUNICATION
DHRM,1,1,041155108A,APPLY FINANCIAL ACCOUNTING SKILLS
DHRM,1,1,0413 451 14A,MANAGE HUMAN RESOURCE RECORDS
DHRM,1,1,0413 551 19A,PERFORM HUMAN RESOURCE OPERATIONS
DHRM,1,1,058845106A,APPLY BUSINESS MATHEMATICS AND STATISTICS
DHRM,1,1,061145101A,APPLY DIGITAL LITERACY
DHRM,2,2,DMDE 1202,BUSINESS PLANNING
DHRM,2,2,DMHR 1203,GENERAL ECONOMICS
DHRM,2,2,DMHR 1204,TRAINING AND DEVELOPMENT
DHRM,2,2,DMHR 1205,PERSONNEL ADMINISTRATION
DHRM,2,2,DMHR 1206,PUBLIC RELATIONS
DHRM,2,2,DUCU 1204,RESEARCH PROJECT II
DIT,1,1,APPLY FUNDAMENTALS OF MATHEMATICS 15,Godfrey Makori
DIT,1,1,CYBERSECURITY FUNDAMENTALS 15,Henry Mideko
DIT,1,1,DEMONSTRATE COMMUNICATION SKILLS 15,Samuel Omulando
DIT,1,1,DEMONSTRATE DIGITAL LITERACY 15,Nicole Chepngetich
DIT,1,1,PERFORM SYSTEM ANALYSIS AND DESIGN 15,Danson Gikonyo
DIT,1,1,UNDERSTAND STRUCTURED PROGRAMMING CONCEPTS (C) 15,Brian Obunga
DIT,1,2,DCIT 1103,INTRODUCTION TO PROGRAMMING & ALGORITHMS
DIT,1,2,DCIT 1205,DESKTOP PUBLISHING AND GRAPHICS
DIT,1,2,DCIT 1206,SYSTEM ANALYSIS AND DESIGN
DIT,1,2,DCIT 1209,DATABASE MANAGEMENT SYSTEMS
DIT,1,2,DIT 1.2 0031 441 05A,Cooperative Practices
DIT,1,2,DIT 1.2 0541 541 01A,Discrete Mathematical Concepts
DIT,1,2,DIT 1.2 0612 451 07A,Network Design and Management
DIT,1,2,DIT 1.2 0612 451 08A,Computerized Database System
DIT,1,2,DIT 1.2 0613 451 05A,Computer Programming Principles
DIT,1,2,DIT 1.2 0619 451 06A,Computer Software
DIT,1,2,DUCU 1106,DEVELOPMENT STUDIES AND ETHICS
DIT,1,2,DUCU 1107,RESEARCH METHODS
DIT,2,1,DCIT 2112,STRUCTURED PROGRAMMING
DIT,2,1,DCIT 2113,NETWORK ESSENTIALS
DIT,2,1,DCIT 2115,COMPUTER SYSTEMS PROJECT PROPOSAL
DIT,2,1,DCIT 2220,COMPUTER SUPPORT & MAINTAINANCE
DIT,2,1,DCIT 2221,MANAGEMENT INFORMATION SYSTEMS
DIT,2,1,DCSC 2209,OBJECT ORIENTED PROGRAMMING
DIT,2,2,DCIT 1208,WEB ENGINEERING(CLOUD AND MOBILE)
DIT,2,2,DCIT 2215,"MIXOLOGY) Maurice Odambatafwa DEMONSTRATE UNDERSTANDING OF SECURITY LAWS, POLICIES AND REGULATIONS PROJECT WORK ( DOCUMENTATION AND SYSTEM"
DIT,2,2,DCSC 2207,EVENT DRIVEN PROGRAMMING
DIT,2,2,DCSC 2210,DIGITAL ELECTRONICS CONSTRUCTION
DIT,2,2,DCSC 2212,NETWORK DESIGN AND SETUP
DIT,2,2,DIT 2.2 DCIT 1208,WEB ENGINEERING
DIT,2,2,DIT 2.2 DCIT 2215,PROJECT WORK
DIT,2,2,DIT 2.2 DCSC 2207,EVENT DRIVEN PROGRAMMING
DIT,2,2,DIT 2.2 DCSC 2210,DIGITAL ELECTRONICS CONSTRUCTION
DIT,2,2,DIT 2.2 DCSC 2212,NETWORK DESIGN AND SETUP
DPM,2,2,DMDE 1202,BUSINESS PLANNING
DPM,2,2,DMHR 1203,GENERAL ECONOMICS
DPM,2,2,DMPM 1104,PROJECT QUALITY MANAGEMENT
DPM,2,2,DMPM 1204,RISK MANAGEMENT IN PROJECTS
DPM,2,2,DMPM 1205,LEGAL ISSUES IN PROJECT MANAGEMENT
DPM,2,2,DUCU 1204,RESEARCH PROJECT I
DPSM,2,2,DMDE 1202,BUSINESS PLANNING
DPSM,2,2,DMPS 1104,PUBLIC PROCUREMENT
DPSM,2,2,DMPS 1203,MEASURING PURCHASING PERFORMANCE
DPSM,2,2,DMPS 1204,LEGAL ASPECTS OF PURCHASING
DPSM,2,2,DMPS 1205,SUPPLIES AND MATERIALS MANAGEMENT
DPSM,2,2,DUCU 1204,RESEARCH PROJECT II
DSW,1,1,0031 441 01 A,APPLY COMMUNICATION SKILLS
DSW,1,1,0923 451 01 A,CONDUCT HOME BASED CARE
DSW,1,1,0923 451 02 A,CONDUCT CHILD WELFARE PROGRAMMES
DSW,1,1,0923 451 03 A,MANAGE COMMUNITY- BASED GROUPS
DTM,1,1,0031 541 02A,COMMUNICATION SKILLS
DTM,1,1,0611 541 01A,DIGITAL LITERACY
DTM,1,1,1015 451 03A,FUNDAMENTALS OF TOURISM
DTM,1,1,1015 551 04A,TOUR &TRAVEL BOOKING AND RESERVATIONS
DTM,1,1,1015 551 12A,TOUR AND TRAVEL OPERATIONS
DTM,1,1,CUSTOMER SERVICE 15,Jacquline Mutheu
DTM,2,2,DENV 2201,ENVIRONMENTAL STUDIES
DTM,2,2,DMHR 1206,PUBLIC RELATIONS
DTM,2,2,DMTM 1204,TOURISM MARKETING
DTM,2,2,DMTM 1205,AIRFARE TICKETING AND DOCUMENTATION
DTM,2,2,DUCU 1204,RESEARCH PROJECT II
DTM,2,2,DUCU 2108,ENTREPRENEURSHIP SKILLS
